frame_index,timestamp,ok,tx,ty,tz,rx,ry,rz,num_markers
1,2025-12-14T22:31:09.844211,True,-0.572521,-0.472023,3.093997,-0.809715,-0.090527,0.517529,6
2,2025-12-14T22:31:09.944464,True,-0.572656,-0.472143,3.095526,-0.809911,-0.093519,0.507186,6
3,2025-12-14T22:31:10.044942,True,-0.573071,-0.472764,3.099006,-0.816336,-0.103783,0.523414,6
4,2025-12-14T22:31:10.144663,True,-0.572653,-0.472297,3.095781,-0.819651,-0.099116,0.528633,6
5,2025-12-14T22:31:10.244306,True,-0.572097,-0.471525,3.091556,-0.821453,-0.093190,0.519844,6
6,2025-12-14T22:31:10.345622,True,-0.572160,-0.471841,3.093189,-0.815958,-0.101368,0.521274,6
7,2025-12-14T22:31:10.444790,True,-0.571053,-0.470961,3.087468,-0.815933,-0.108795,0.515026,6
8,2025-12-14T22:31:10.543435,True,-0.572417,-0.471892,3.093845,-0.819240,-0.083271,0.518874,6
9,2025-12-14T22:31:10.643335,True,-0.572597,-0.472429,3.096692,-0.815800,-0.101114,0.516515,6
10,2025-12-14T22:31:10.743803,True,-0.572639,-0.472260,3.095372,-0.810875,-0.106336,0.527488,6
11,2025-12-14T22:31:10.844550,True,-0.572067,-0.471683,3.092628,-0.812524,-0.098016,0.512282,6
12,2025-12-14T22:31:10.944288,True,-0.572653,-0.467796,3.072883,-0.742178,0.081544,0.424543,6
13,2025-12-14T22:31:11.044252,True,-0.571860,-0.471514,3.090960,-0.808799,-0.098147,0.526366,6
14,2025-12-14T22:31:11.144098,True,-0.569294,-0.469831,3.096477,-0.715196,-0.253011,0.355260,6
15,2025-12-14T22:31:11.243671,True,-0.570518,-0.470315,3.086980,-0.775149,-0.031796,0.482554,5
16,2025-12-14T22:31:11.343787,True,-0.573394,-0.473410,3.109825,-0.829341,-0.077616,0.462316,5
17,2025-12-14T22:31:11.442702,True,-0.569791,-0.471698,3.101090,-0.808678,-0.061856,0.515733,6
18,2025-12-14T22:31:11.543084,True,-0.566542,-0.468457,3.082078,-0.793597,-0.293486,0.230604,6
19,2025-12-14T22:31:11.643656,True,-0.564239,-0.464883,3.068265,-0.703442,0.122397,0.368509,5
20,2025-12-14T22:31:11.744420,True,-0.566988,-0.470729,3.106969,-0.754012,0.084579,0.405638,4
21,2025-12-14T22:31:11.845061,True,-0.566403,-0.472310,3.118849,-0.773254,0.079143,0.399346,5
22,2025-12-14T22:31:11.944536,True,-0.548807,-0.461159,3.080637,-0.766153,0.008262,0.275501,6
23,2025-12-14T22:31:12.044305,True,-0.555085,-0.470690,3.106427,-0.953476,0.161734,0.568912,6
24,2025-12-14T22:31:12.144986,True,-0.544351,-0.463012,3.070742,-0.687198,-0.204229,0.295184,7
25,2025-12-14T22:31:12.244649,True,-0.550026,-0.467790,3.089099,-0.805903,-0.011977,0.469322,6
26,2025-12-14T22:31:12.344353,True,-0.536408,-0.456217,3.044761,-0.734516,0.065482,0.302735,6
27,2025-12-14T22:31:12.443102,True,-0.544035,-0.462082,3.053408,-0.709420,0.078206,0.390674,5
28,2025-12-14T22:31:12.544604,True,-0.536494,-0.458934,3.063079,-0.761085,0.070020,0.304593,7
29,2025-12-14T22:31:12.644342,True,-0.543707,-0.476345,3.104444,-1.116704,-0.179521,0.425436,4
30,2025-12-14T22:31:12.744996,True,-0.540674,-0.477785,3.113632,-1.252879,0.118200,0.607857,3
31,2025-12-14T22:31:12.845320,True,-0.532691,-0.475689,3.096844,-1.123368,-0.196127,0.420444,3
32,2025-12-14T22:31:12.944042,True,-0.534279,-0.468096,3.093713,-0.780419,0.093554,0.408729,4
33,2025-12-14T22:31:13.044453,True,-0.526895,-0.467168,3.080989,-0.825416,-0.028222,0.496096,5
34,2025-12-14T22:31:13.144870,True,-0.525283,-0.463448,3.062897,-0.734832,0.082724,0.440096,4
35,2025-12-14T22:31:13.243985,True,-0.524230,-0.467492,3.081119,-0.758158,-0.342571,0.242268,6
36,2025-12-14T22:31:13.343008,True,-0.516941,-0.458174,3.037708,-0.701206,0.081831,0.409711,6
37,2025-12-14T22:31:13.445163,True,-0.515170,-0.456995,3.037010,-0.699840,0.079422,0.428740,4
38,2025-12-14T22:31:13.542822,True,-0.506341,-0.454259,3.020068,-0.633689,-0.012556,0.457745,6
39,2025-12-14T22:31:13.644306,True,-0.506341,-0.454259,3.020068,-0.633689,-0.012556,0.457745,6
40,2025-12-14T22:31:13.743070,True,-0.497246,-0.456042,2.994014,-1.209395,-0.389461,0.683795,6
41,2025-12-14T22:31:13.844485,True,-0.505279,-0.448966,3.003780,-0.803509,0.041634,0.478907,7
42,2025-12-14T22:31:13.945899,True,-0.494815,-0.439357,2.979017,-0.679657,-0.240242,0.353874,6
43,2025-12-14T22:31:14.044143,True,-0.501746,-0.442271,2.990973,-0.790404,-0.049672,0.518760,6
44,2025-12-14T22:31:14.144336,True,-0.491223,-0.442807,2.960632,-1.131289,-0.455626,0.647434,4
45,2025-12-14T22:31:14.244316,True,-0.498857,-0.437013,2.966689,-0.787053,-0.045968,0.534064,6
46,2025-12-14T22:31:14.344059,True,-0.501120,-0.435024,2.975844,-0.716618,-0.131832,0.421734,6
47,2025-12-14T22:31:14.444449,True,-0.504162,-0.438886,2.987715,-0.870139,-0.104728,0.536792,5
48,2025-12-14T22:31:14.545333,True,-0.494595,-0.439753,2.960858,-1.331211,-0.188161,0.745988,5
49,2025-12-14T22:31:14.644545,True,-0.507987,-0.439433,2.994083,-0.684131,-0.042116,0.546210,5
50,2025-12-14T22:31:14.744681,True,-0.506011,-0.434921,2.965668,-0.775037,-0.075788,0.536622,6
51,2025-12-14T22:31:14.845834,True,-0.503568,-0.433871,2.956588,-0.630432,-0.072604,0.529016,6
52,2025-12-14T22:31:14.944057,True,-0.510126,-0.438114,2.979251,-0.725896,-0.021702,0.522206,7
53,2025-12-14T22:31:15.042032,True,-0.516459,-0.439868,3.001916,-0.861174,-0.140430,0.543288,6
54,2025-12-14T22:31:15.145550,True,-0.518252,-0.445839,3.012178,-1.244051,0.043727,0.605775,4
55,2025-12-14T22:31:15.245718,True,-0.522031,-0.445742,3.014699,-1.268518,0.064963,0.609987,4
56,2025-12-14T22:31:15.345031,True,-0.548501,-0.475985,3.104854,-1.081075,-1.196777,1.561300,2
57,2025-12-14T22:31:15.444699,True,-0.549443,-0.497580,3.182390,-0.286828,-2.409484,1.102427,1
58,2025-12-14T22:31:15.542856,True,-0.537664,-0.446804,3.029285,-1.186880,0.079362,0.595066,3
59,2025-12-14T22:31:15.641271,True,-0.535411,-0.431069,2.969871,-0.949786,-0.381376,0.339259,6
60,2025-12-14T22:31:15.744337,True,-0.535411,-0.431069,2.969871,-0.949786,-0.381376,0.339259,6
61,2025-12-14T22:31:15.844105,True,-0.526569,-0.425607,2.937565,-0.671074,-0.340184,0.304745,7
62,2025-12-14T22:31:15.945145,True,-0.531285,-0.430863,2.947179,-0.948341,0.005770,0.494330,6
63,2025-12-14T22:31:16.043947,True,-0.532577,-0.425657,2.949132,-0.764857,-0.172017,0.400658,7
64,2025-12-14T22:31:16.143587,True,-0.542227,-0.429679,2.960290,-0.949667,-0.382927,0.351856,6
65,2025-12-14T22:31:16.243541,True,-0.540355,-0.428861,2.968682,-0.782499,-0.184099,0.400997,7
66,2025-12-14T22:31:16.343096,True,-0.545460,-0.431539,2.985994,-0.874828,-0.525137,0.198622,6
67,2025-12-14T22:31:16.441697,True,-0.543165,-0.427409,2.959407,-0.830491,-0.510845,0.196959,7
68,2025-12-14T22:31:16.544652,True,-0.546907,-0.431455,2.964892,-0.824078,-0.104362,0.580621,6
69,2025-12-14T22:31:16.641648,True,-0.545336,-0.429377,2.969945,-0.852750,-0.051145,0.492754,7
70,2025-12-14T22:31:16.742271,True,-0.553615,-0.428708,2.954277,-0.769186,0.097127,0.414784,5
71,2025-12-14T22:31:16.845393,True,-0.551656,-0.441235,2.997416,-1.234818,-0.350314,0.773757,5
72,2025-12-14T22:31:16.944574,True,-0.551656,-0.441235,2.997416,-1.234818,-0.350314,0.773757,5
73,2025-12-14T22:31:17.043945,True,-0.569346,-0.441284,3.028283,-0.921305,-0.288027,0.596771,5
74,2025-12-14T22:31:17.143364,True,-0.565844,-0.436675,2.999954,-0.929529,0.051605,0.685391,5
75,2025-12-14T22:31:17.242959,True,-0.571943,-0.435122,3.013167,-0.606201,0.401548,0.084124,3
76,2025-12-14T22:31:17.345322,True,-0.578416,-0.438358,3.013489,-0.907275,-0.322260,0.588465,6
77,2025-12-14T22:31:17.444115,True,-0.569190,-0.438018,2.979687,-1.133816,-0.804024,0.686872,5
78,2025-12-14T22:31:17.543711,True,-0.564263,-0.431441,2.963813,-0.825863,-0.793044,0.335781,7
79,2025-12-14T22:31:17.643384,True,-0.564006,-0.430872,2.959638,-0.822809,-0.771286,0.387895,6
80,2025-12-14T22:31:17.743346,True,-0.566115,-0.426194,2.948177,-0.511231,-0.279780,0.437073,7
81,2025-12-14T22:31:17.844321,True,-0.569296,-0.427247,2.956197,-0.690550,-0.447212,0.381357,7
82,2025-12-14T22:31:17.943223,True,-0.571287,-0.427570,2.959280,-0.762518,-0.443623,0.405533,7
83,2025-12-14T22:31:18.042790,True,-0.575198,-0.440073,2.985535,-0.821932,-0.795187,0.265544,4
84,2025-12-14T22:31:18.144012,True,-0.575198,-0.440073,2.985535,-0.821932,-0.795187,0.265544,4
85,2025-12-14T22:31:18.244232,True,-0.593964,-0.442774,3.016641,-1.014432,-0.340970,0.237231,3
86,2025-12-14T22:31:18.345997,True,-0.593825,-0.446595,3.032626,-0.987964,-1.206122,0.364828,4
87,2025-12-14T22:31:18.442559,True,-0.592261,-0.442708,3.015053,-1.106182,-0.529731,0.904853,4
88,2025-12-14T22:31:18.542080,True,-0.602831,-0.440802,2.994136,-0.923554,-0.611672,-0.029117,3
89,2025-12-14T22:31:18.641615,True,-0.602912,-0.444808,3.021038,-1.011131,-0.945488,0.684560,4
90,2025-12-14T22:31:18.741805,True,-0.602004,-0.437054,2.993045,-0.684025,0.346508,-0.232436,2
91,2025-12-14T22:31:18.843466,True,-0.602591,-0.441559,3.012352,-0.865432,-1.231558,0.461333,3
92,2025-12-14T22:31:18.943019,True,-0.613790,-0.443304,3.027740,-1.064617,-0.733247,0.981905,5
93,2025-12-14T22:31:19.042103,True,-0.608477,-0.426502,2.972363,-0.825318,-0.840252,0.175258,7
94,2025-12-14T22:31:19.141894,True,-0.609548,-0.426747,2.973940,-0.822790,-0.799357,0.243173,7
95,2025-12-14T22:31:19.241618,True,-0.607462,-0.426593,2.959435,-0.750135,-1.089183,0.165215,6
96,2025-12-14T22:31:19.342603,True,-0.607462,-0.426593,2.959435,-0.750135,-1.089183,0.165215,6
97,2025-12-14T22:31:19.442457,True,-0.622751,-0.444556,3.027999,-0.995984,-1.071199,0.718526,4
98,2025-12-14T22:31:19.543856,True,-0.633500,-0.445141,3.025859,-0.849702,0.227754,0.158956,3
99,2025-12-14T22:31:19.644106,True,-0.624454,-0.440442,3.011983,-0.861638,-1.572916,0.672528,3
100,2025-12-14T22:31:19.742712,True,-0.622424,-0.432442,3.001427,-0.600434,-1.285966,0.256674,4
101,2025-12-14T22:31:19.842964,True,-0.633764,-0.440188,3.002849,-0.911563,-1.517678,0.522012,5
102,2025-12-14T22:31:19.942657,True,-0.635480,-0.442450,3.024471,-0.849782,-1.634129,0.713840,5
103,2025-12-14T22:31:20.044230,True,-0.635480,-0.442450,3.024471,-0.849782,-1.634129,0.713840,5
104,2025-12-14T22:31:20.143289,True,-0.643910,-0.433088,3.013365,-0.454684,-0.326021,-0.191963,3
105,2025-12-14T22:31:20.244925,True,-0.649567,-0.438563,3.034043,-0.635924,-1.220125,0.421124,5
106,2025-12-14T22:31:20.343222,True,-0.647826,-0.430905,2.994524,-0.600072,-0.825829,0.399616,6
107,2025-12-14T22:31:20.442757,True,-0.637084,-0.424498,2.958379,-0.538716,-0.954482,0.272865,7
108,2025-12-14T22:31:20.543410,True,-0.640642,-0.428538,2.963437,-0.702660,-1.278657,0.314586,9
109,2025-12-14T22:31:20.642181,True,-0.634770,-0.427118,2.952142,-0.655463,-1.211561,0.429391,7
110,2025-12-14T22:31:20.743119,True,-0.641152,-0.427095,2.964272,-0.604849,-0.880599,0.424987,8
111,2025-12-14T22:31:20.843127,True,-0.641300,-0.425444,2.967470,-0.651558,-1.201254,0.024403,6
112,2025-12-14T22:31:20.943136,True,-0.643738,-0.430530,2.977209,-0.787090,-1.065342,0.312781,9
113,2025-12-14T22:31:21.042883,True,-0.646417,-0.432356,2.989244,-0.708766,-1.211951,0.296759,9
114,2025-12-14T22:31:21.142961,True,-0.644284,-0.428152,2.973220,-0.616167,-1.100075,0.242452,7
115,2025-12-14T22:31:21.242684,True,-0.644924,-0.427678,2.971982,-0.704568,-1.162218,0.137614,7
116,2025-12-14T22:31:21.343806,True,-0.645015,-0.428667,2.973691,-0.647184,-1.117964,0.269667,7
117,2025-12-14T22:31:21.442419,True,-0.645015,-0.428667,2.973691,-0.647184,-1.117964,0.269667,7
118,2025-12-14T22:31:21.544355,True,-0.646610,-0.428820,2.975113,-0.721775,-1.163725,0.139493,7
119,2025-12-14T22:31:21.643645,True,-0.645160,-0.428700,2.976790,-0.669299,-0.607726,0.618894,8
120,2025-12-14T22:31:21.744285,True,-0.642922,-0.431016,2.981241,-0.702369,-0.847152,0.534960,6
121,2025-12-14T22:31:21.842683,True,-0.644601,-0.426957,2.965856,-0.746794,-0.738748,0.407511,7
122,2025-12-14T22:31:21.944972,True,-0.653135,-0.430813,2.996617,-0.651379,-1.120019,0.074493,8
123,2025-12-14T22:31:22.042964,True,-0.654294,-0.444309,3.024374,-0.850818,-1.706280,0.409093,4
124,2025-12-14T22:31:22.143358,True,-0.654294,-0.444309,3.024374,-0.850818,-1.706280,0.409093,4
125,,False,,,,,,,0
126,,False,,,,,,,0
127,,False,,,,,,,0
128,,False,,,,,,,0
129,2025-12-14T22:31:22.642987,True,-0.703328,-0.458839,3.074975,-0.598936,-2.467968,1.115183,2
130,2025-12-14T22:31:22.745013,True,-0.705145,-0.457144,3.064830,-0.573039,-2.454110,1.104479,2
131,,False,,,,,,,0
132,,False,,,,,,,0
133,2025-12-14T22:31:23.041814,True,-0.706731,-0.426688,2.965814,-0.373721,-1.289365,0.567845,5
134,2025-12-14T22:31:23.144104,True,-0.707821,-0.420837,2.936711,-0.544888,-1.415582,0.489251,8
135,2025-12-14T22:31:23.242734,True,-0.698464,-0.416984,2.914920,-0.460500,-1.475739,0.545090,6
136,2025-12-14T22:31:23.344060,True,-0.698464,-0.416984,2.914920,-0.460500,-1.475739,0.545090,6
137,2025-12-14T22:31:23.443199,True,-0.705663,-0.421284,2.930494,-0.586135,-1.505780,0.530458,6
